user_id,name,email,role_id,country_id,client_id,restaurant_id
1,Austin Gonzales,williamsrenee@example.com,2,2,27,46
2,Courtney Roach,kellyjohnson@example.com,4,2,21,42
3,Mark Miller,brian24@example.com,2,2,21,42
4,Jeremy Garner,brad52@example.com,2,1,10,17
5,Monica Juarez,bduran@example.org,5,2,22,48
6,Brian Reed,daniel40@example.com,4,1,10,17
7,Richard Morales,murrayjames@example.org,3,1,9,38
8,Bruce Williams,dalvarado@example.org,5,1,2,15
9,Morgan Davis,handerson@example.org,1,1,6,32
10,Connie Thomas,matthewwalsh@example.net,2,1,18,8
11,Rachael Smith,jdavis@example.com,5,2,21,44
12,Nathaniel Brown,jsanders@example.org,4,1,4,5
13,Jeremy Miller,juanwood@example.com,5,1,18,39
14,Derek Mora,hrowe@example.org,1,1,10,17
15,Edward Baker,thompsonnicole@example.com,5,2,21,44
16,Keith Carrillo,taraberg@example.com,3,2,24,49
17,Matthew Hart,lindseywilliams@example.com,4,1,18,8
18,Bruce Davis,millerhannah@example.org,1,1,12,11
19,Adam Robinson,youngregina@example.net,5,2,25,47
20,Joshua Ramos,iquinn@example.com,5,2,24,49
21,Mr. Kevin Wiggins,anthonysampson@example.com,5,1,3,7
22,Ruben Garcia,kara40@example.net,2,1,18,39
23,Ashley Henderson,michael15@example.org,5,1,12,24
24,Antonio Jacobs,melissa83@example.org,1,2,30,50
25,Janice Dickerson,qsaunders@example.com,4,1,18,39
26,Mr. Christopher Frederick,ksaunders@example.org,3,1,2,2
27,Amy Brown,elizabeth41@example.com,1,1,4,20
28,James Woods,graymond@example.com,1,1,8,16
29,Dana Nelson,james20@example.org,1,2,25,47
30,Mark Moore,parkjoshua@example.com,2,2,24,49
31,Edwin Rogers,carrollronnie@example.org,5,2,24,43
32,Chad Richardson,amandamontgomery@example.com,5,1,12,11
33,Autumn Gray,mathewgordon@example.org,2,1,18,39
34,Roger Curtis,brandon08@example.net,3,1,6,35
35,Brittany Davis,ygarrison@example.net,4,1,12,26
36,Julie Barnes,charles69@example.org,1,1,8,34
37,Jennifer Hayden,isaaccooper@example.org,1,1,8,16
38,Keith Garcia,vmccarthy@example.org,5,1,9,22
39,Andres Ballard,umcdowell@example.org,5,1,15,36
40,Connie Powers,sean19@example.org,1,1,2,15
41,Taylor Rios,lowesamantha@example.com,2,2,27,46
42,John Sullivan,virginiacain@example.com,3,1,4,5
43,Nicholas Hayes,hardinjessica@example.com,2,1,4,5
44,Stephen Small,karina20@example.org,4,1,3,18
45,Julie Kim,silvarebecca@example.com,2,1,3,14
46,Adrian Stanley,jimeneztimothy@example.org,5,2,25,47
47,Bobby Johnson,dana34@example.net,4,1,20,31
48,Rebecca Powell,dbender@example.org,1,1,12,27
49,Jeffery Wright,barrykatherine@example.com,4,1,3,7
50,Katherine Martin,robertaustin@example.org,4,1,15,23
51,Douglas Black,mlopez@example.com,1,1,3,30
52,Brandy Rivera,debbieporter@example.org,1,2,21,44
53,Melissa Taylor,fisherrachel@example.net,3,1,18,4
54,Melanie Novak,robertali@example.com,2,1,3,7
55,Derek Johnson,fisherjesse@example.com,4,1,7,13
56,Jesus Sims,christine86@example.org,2,1,10,9
57,Kenneth Flores,rsimpson@example.com,2,1,3,18
58,Eric Hartman,brittneydelgado@example.com,5,1,4,5
59,Angel Horne,krystal23@example.com,5,1,3,7
60,Kimberly Middleton,awhite@example.net,2,1,9,1
61,Wesley Thomas,krystalrangel@example.com,4,1,12,11
62,Cassidy Neal,bhuber@example.com,4,1,20,31
63,Dr. Jessica Elliott,rparks@example.net,4,1,18,4
64,Tyler Zamora,williammoran@example.org,3,1,9,1
65,Jessica Green,michaelhayes@example.com,4,1,3,30
66,Jessica Allen,dawnwilliams@example.net,5,2,26,45
67,Sarah Davis,kentwilliam@example.org,4,2,24,43
68,Brian Curtis,mariah76@example.org,3,1,20,10
69,Gregory Rodriguez,kendra15@example.org,5,1,3,14
70,Denise Ramirez,julie90@example.com,1,2,22,48
71,Nathan Jones,christinajackson@example.net,1,2,22,48
72,Emma Williams,mitchellkevin@example.net,4,1,18,4
73,Elizabeth Cook,zknight@example.org,2,1,18,33
74,John Freeman,blackwellchristina@example.com,1,1,18,4
75,Donna Thompson,ruth32@example.org,5,1,19,12
76,Mr. James Davis DVM,oscar01@example.net,2,1,4,5
77,April Frye,bbright@example.net,5,1,12,26
78,Tracy Black,colemanjennifer@example.com,5,1,8,16
79,Megan Marshall,karenmartinez@example.net,1,1,15,3
80,Amber Castro,adaniels@example.net,5,1,12,27
81,Joshua Hale,samanthajones@example.org,3,1,13,37
82,John Snyder,bhall@example.net,3,1,10,17
83,Bradley Avila,patricia55@example.net,4,1,8,16
84,Kim Brown,joshuaatkinson@example.org,3,1,10,9
85,Victoria Edwards,allenterri@example.net,1,1,3,30
86,Kelly Mckinney,christopherbecker@example.org,5,1,9,1
87,Michael Prince,andreross@example.com,1,1,13,37
88,John Reed,wrightdaniel@example.net,5,1,6,35
89,Kathy Miles,donaldanderson@example.com,3,1,10,17
90,Kathleen Walters,uwade@example.com,3,1,4,5
91,Virginia Zimmerman,sgoodwin@example.net,4,1,8,19
92,Ryan Mcintyre,williamvelasquez@example.com,5,1,6,35
93,Ashley Griffith,angela17@example.org,5,2,21,42
94,Jacob Luna,rebeccascott@example.org,2,1,4,20
95,April Duke,robertjohnson@example.org,1,1,10,17
96,Benjamin Lewis,paul89@example.org,3,2,22,48
97,Anthony Allen,boydmatthew@example.org,3,1,8,19
98,Debra Luna,paul34@example.net,5,1,3,14
99,Devin Flores,daniel63@example.org,1,1,6,32
100,Kenneth Gonzalez,christopherwalls@example.org,3,1,13,6
101,Jennifer Mitchell,christinamendez@example.com,3,1,15,3
102,Mark Oconnor,scottdixon@example.net,3,2,30,50
103,Daniel Burgess,plee@example.net,5,1,12,11
104,Christopher Perkins,mauricealexander@example.org,5,2,27,46
105,Jennifer Moran,christophermartinez@example.org,1,1,9,1
106,Michaela Taylor,changrichard@example.com,5,2,26,45
107,Travis Middleton,angelasimmons@example.net,5,1,15,3
108,Mark Nguyen,jonesashley@example.net,4,1,15,36
109,Amanda Quinn,ychavez@example.net,3,1,10,9
110,Donald Wagner,dustin38@example.net,3,1,12,24
111,Vanessa Wright,vcontreras@example.org,1,1,3,14
112,Vickie Walsh,thompsonwarren@example.net,5,1,15,23
113,Jessica Blake,michellechen@example.net,2,2,22,48
114,Richard Harrison,jordanmedina@example.org,4,1,12,11
115,Lauren Ryan,tara48@example.com,3,1,2,2
116,Michael Potter,graythomas@example.org,3,1,12,27
117,John Yu,ibates@example.org,4,1,12,11
118,Sheila Williamson,millerdavid@example.com,2,1,15,3
119,Melissa Sandoval,garciacatherine@example.com,3,1,7,13
120,Paul Thompson MD,harriswilliam@example.org,2,1,4,20
121,Marie Harris,chamberskimberly@example.com,4,1,2,2
122,Adam Sims,christinefranco@example.net,1,1,9,22
123,John Brown,leekaitlin@example.com,3,2,30,50
124,Diane Carson,pkim@example.org,5,2,21,42
125,Dr. Audrey Huber,deniselee@example.com,1,1,9,22
126,Kristen Sims,glam@example.com,5,1,10,17
127,Nathaniel Richards,sjones@example.com,1,1,10,17
128,Sydney Johnson,georgenancy@example.org,3,1,18,39
129,Samuel Morrison,brandon66@example.org,4,2,25,47
130,Nathan Sanders,nancyjohnson@example.net,4,1,18,39
131,Kristin Dickson,patrickfriedman@example.com,3,1,13,37
132,Cassie Andrade,brian47@example.com,1,1,15,3
133,Matthew Richards,reynoldsjoel@example.com,3,1,8,34
134,Robin Sweeney,jrodriguez@example.net,3,1,7,28
135,Brian Smith,lauranorris@example.net,1,1,8,40
136,Destiny Singleton,deantiffany@example.net,5,2,25,47
137,Diana King,blacksarah@example.org,3,1,4,20
138,William Garcia,monique18@example.net,5,1,12,26
139,Jerry Ware,thompsonjeremiah@example.com,4,1,10,9
140,Matthew Jackson,angelaschultz@example.org,2,2,24,43
141,Taylor Zamora,dicksonregina@example.org,4,1,8,40
142,Sean Strickland,josephmorrison@example.org,3,1,15,36
143,Sheri Jacobs,woodsjames@example.com,4,1,8,19
144,Monica Smith,edwardperez@example.com,4,1,9,38
145,Elaine Todd,marilyn81@example.net,2,1,9,29
146,Kimberly Brown,kimbradley@example.com,2,1,18,33
147,Mrs. Kelly Smith,paul67@example.org,3,2,24,43
148,Brian Cherry,samanthaharrison@example.org,1,1,18,33
149,Joshua Woods,jamesshaffer@example.com,3,2,24,49
150,Jonathan Olsen,wilcoxjoshua@example.org,2,1,2,15
151,Angela Fisher,davisdana@example.org,2,1,2,2
152,Ashley Hunter,lkramer@example.org,4,1,20,31
153,Todd Olson,longmelissa@example.org,4,1,12,27
154,Haley Black,xknight@example.org,2,1,6,32
155,Brianna Walker,natashagamble@example.org,1,1,20,10
156,Megan Dunlap,marie72@example.net,2,2,30,50
157,Susan Taylor,valentinehannah@example.org,1,1,19,12
158,Jodi Green,kray@example.org,1,1,15,36
159,Francisco Miller,bporter@example.net,4,1,3,30
160,Tanya Harris,tami04@example.com,4,2,24,43
161,Michael Gilbert,elizabethmartinez@example.com,5,1,8,40
162,Ronald Haynes,timothy74@example.org,4,1,9,29
163,Lisa Vargas,holly34@example.org,2,1,9,29
164,Lisa Santos,waterstravis@example.com,5,2,26,41
165,Mr. Brandon Walker,bryanreed@example.net,3,1,6,32
166,Shelia Donaldson,psawyer@example.org,3,1,9,29
167,Cynthia Flynn,jwilliams@example.com,3,1,8,16
168,Mary Davis,sheryl18@example.com,2,1,13,21
169,Jason Mccarthy,gregory46@example.net,4,1,20,10
170,Joshua Bradley,ianthomas@example.net,2,2,26,45
171,Damon Boone,sharptimothy@example.net,4,1,4,5
172,Kendra Cruz,lburch@example.net,4,1,9,22
173,Cassandra Bennett,juliecastro@example.com,4,1,18,4
174,Daniel Schaefer,athomas@example.org,5,1,6,25
175,Hannah Anderson,richardsonanita@example.com,1,1,6,25
176,James Hawkins,nedwards@example.net,4,1,15,23
177,Jeffrey Case,frose@example.org,4,1,12,27
178,Rita Adams,qwhite@example.org,4,1,2,15
179,Nicholas Mitchell,sydney16@example.org,4,1,6,32
180,Victoria Peterson,brownjason@example.org,2,1,9,22
181,Tom Durham,cheryldiaz@example.net,5,1,3,30
182,Jessica Warren,rachel57@example.org,4,1,6,35
183,Peter Page,djohnson@example.org,1,1,9,38
184,Kevin Giles,harrischelsea@example.net,2,2,21,42
185,Cynthia Heath,sheliarodriguez@example.net,1,1,3,30
186,Rebecca Kelly,xkelly@example.org,3,1,10,17
187,John Ramirez,bryantstephanie@example.org,3,1,3,14
188,Sarah Miles,hsingleton@example.net,3,1,9,22
189,Richard George,michael79@example.net,3,2,24,49
190,Casey Coleman,nlee@example.org,1,1,13,6
191,Chad Dodson,emilymarshall@example.org,3,2,22,48
192,Mark Potter,pmathis@example.org,1,1,2,15
193,Patrick Murphy,victorsimmons@example.net,2,2,24,49
194,George Davis,joanne15@example.org,5,1,7,13
195,Aaron White,jamesreid@example.net,2,1,20,10
196,George Kelley,hollybrown@example.org,5,1,20,31
197,Brittany Peters,smithjohnathan@example.net,3,1,3,14
198,Amanda Willis,michael62@example.org,2,2,30,50
199,Stacey Douglas,carol16@example.net,2,1,18,39
200,Dennis Benson,karen61@example.org,5,1,4,20
201,Charles Johnson,peterbates@example.com,5,1,2,2
202,Joseph Mitchell,bensonjohn@example.com,4,2,21,44
203,Colton Miller,bradythomas@example.com,1,2,27,46
204,Dillon Washington,murphydaniel@example.net,1,1,9,38
205,Heather Riley,mark39@example.net,5,2,26,45
206,Kevin Gates,jason62@example.net,3,1,18,8
207,Jeffrey Palmer,ericbishop@example.net,3,1,6,35
208,Robert Hamilton,nclark@example.net,1,1,4,5
209,Jaime Douglas,thomastracy@example.org,1,1,12,27
210,Michael Thomas,lisarichards@example.net,4,1,7,28
211,Lisa Hogan,welliott@example.org,4,2,27,46
212,Joshua Nguyen,patrick06@example.com,5,1,19,12
213,Timothy Smith,james89@example.com,4,1,6,35
214,Cindy Yang,leonsnyder@example.org,3,1,7,28
215,John Simmons,rgibson@example.net,3,1,8,16
216,Lisa Chapman,kevincurtis@example.net,4,1,9,29
217,Janet Rice,priceryan@example.org,3,1,13,37
218,William Taylor,baileycharles@example.org,3,1,2,2
219,Tammy Woods,emmagreene@example.org,2,1,19,12
220,Gary Barrett,alexanderkathryn@example.org,3,1,15,23
221,Victoria Robinson,jeff87@example.org,5,1,3,18
222,Denise Olsen,kali@example.net,1,1,9,1
223,Ashley Moore,millerconnor@example.com,4,1,8,16
224,Brandon Strong,thudson@example.org,4,1,15,36
225,Jessica Johnson,larrybenson@example.com,4,2,21,42
226,Scott Brown,hwest@example.com,3,1,2,2
227,Jacob Wright,fordnicholas@example.com,2,1,2,15
228,William Martinez,kelly97@example.net,4,1,4,20
229,Carrie Castillo,kimgabrielle@example.org,4,1,15,36
230,Dustin Wilson,bethmartin@example.net,3,2,22,48
231,Patricia Smith,sheila61@example.com,3,2,26,45
232,Nicholas Neal,lharding@example.com,2,1,4,20
233,Christina Sanchez,vangjohn@example.com,3,1,18,8
234,Arthur Porter,taylorreginald@example.net,2,1,18,8
235,Joshua Livingston,ihawkins@example.com,3,1,3,14
236,Daniel Anderson,pearsonrichard@example.org,1,2,25,47
237,Bradley Castaneda,rjackson@example.com,2,1,7,13
238,Chris Chan,bcruz@example.org,3,1,12,24
239,Ryan Holden,ekane@example.com,3,1,9,1
240,Melissa Patrick,wumatthew@example.net,5,1,15,3
241,Jo Floyd,jennifer88@example.net,4,1,8,19
242,Mr. Cody Taylor,abigail00@example.com,5,1,3,7
243,Jimmy Campbell,clarkkeith@example.net,4,1,8,19
244,Christine Mcgee,danielle75@example.org,2,1,9,29
245,Elizabeth Guzman,jennifer74@example.com,4,1,18,4
246,Latasha Anderson,martinsabrina@example.com,4,1,18,8
247,James Tanner,barberbradley@example.org,5,1,6,32
248,Matthew Perez,susan28@example.com,2,2,26,41
249,Robert Bonilla,phamjeremy@example.com,1,1,20,10
250,Kayla Woods,thomashouston@example.net,5,1,8,16
251,Christopher Bailey,murphychelsea@example.org,5,2,24,49
252,Kimberly Novak,gregory44@example.net,5,1,18,39
253,Jonathan Guerrero,kevin75@example.net,4,1,6,25
254,Nicole Diaz,eadams@example.com,3,1,4,20
255,Jill Patel,wmorris@example.com,5,1,13,37
256,Jessica Webster,mariahgreen@example.net,2,2,22,48
257,Stephen Gomez,ehardy@example.com,3,2,26,41
258,Beth Hart,reedmicheal@example.org,2,2,24,43
259,Jeff Smith,samuelrogers@example.com,5,1,8,16
260,John Wade,skinnerjoel@example.net,1,1,4,5
261,Bradley Cochran,sherripatterson@example.com,5,1,12,27
262,Terry Lee,williamsdavid@example.org,1,1,20,31
263,Danielle Thompson,robertpatterson@example.org,3,1,2,15
264,Kenneth Anderson,georgemiller@example.net,1,2,26,45
265,Shannon Smith,richardsterri@example.com,3,2,21,44
266,Tiffany Hutchinson,laurie50@example.net,4,2,26,41
267,Cassidy Alvarez,kimdaniel@example.com,2,1,18,8
268,Charles Burnett,jthompson@example.com,1,1,3,18
269,Rebecca Bennett,ktapia@example.net,3,1,18,4
270,Samantha Faulkner,judith38@example.org,4,1,18,39
271,Patricia Benjamin,mark15@example.org,3,1,18,8
272,Jonathan Murphy,nathan68@example.com,3,2,26,45
273,Collin Day,vanessajohnson@example.net,4,1,18,33
274,Elizabeth Bell,susan06@example.net,4,1,13,6
275,Roy Wilson,danielszachary@example.org,5,2,22,48
276,Mrs. Alexis Munoz,mstokes@example.com,1,1,10,17
277,Crystal Dixon,pattersontammy@example.com,3,1,2,15
278,Steven Daugherty,kimamber@example.com,2,1,13,37
279,Mark Jensen,tsuarez@example.net,3,1,20,31
280,Sophia Salas,gregory12@example.org,4,1,19,12
281,Jessica Lang,jasoncarroll@example.org,3,1,13,6
282,Matthew Gonzalez,sandrageorge@example.org,3,1,12,27
283,Anne Diaz,alexanderking@example.org,2,2,24,43
284,Benjamin Morris,richard67@example.com,4,1,9,22
285,Sarah Foster,esnow@example.net,5,1,8,19
286,Johnny Jordan,laurie19@example.org,1,1,15,3
287,Larry Miller,watkinsmary@example.net,3,1,13,21
288,Michael Guzman,slewis@example.com,5,1,18,8
289,Michele Rodriguez MD,john39@example.net,4,1,9,1
290,Erica Smith,robertevans@example.org,5,1,18,4
291,Brian Jackson,miguel06@example.com,4,1,12,24
292,Dr. Matthew Nunez,dadams@example.com,2,2,24,49
293,Andrea Young,tyoung@example.org,3,1,3,18
294,Adam Wright,wilsonmichael@example.com,1,1,9,29
295,Becky Hammond,frykaren@example.org,2,1,2,2
296,Michael Ferguson,heathchristina@example.org,5,1,4,20
297,Roger Richardson,clairemurphy@example.com,2,1,12,27
298,Joseph Norman,shelly44@example.org,1,1,18,8
299,Kim Kerr,troystone@example.net,4,2,21,42
300,Jacob Foley,timothymarshall@example.net,5,2,27,46
